Month,Date,Description,Category,Amount,Payment Method,Notes
Sep 2025,2025-09-01,House Rent,Bills & Utilities,10710,Net Banking,
Sep 2025,2025-09-01,Gym Membership — Cult.fit,Health,1760,Credit Card,
Sep 2025,2025-09-02,Grocery — BigBasket,Food & Dining,1120,UPI,
Sep 2025,2025-09-02,D-Mart Grocery Shopping,Food & Dining,3050,Debit Card,
Sep 2025,2025-09-03,BMTC Bus Pass,Transportation,600,Cash,
Sep 2025,2025-09-03,Swiggy Order,Food & Dining,340,UPI,
Sep 2025,2025-09-03,Breakfast — Darshini,Food & Dining,65.5,Cash,
Sep 2025,2025-09-04,Society Maintenance,Bills & Utilities,1370,Net Banking,
Sep 2025,2025-09-04,Zomato Order,Food & Dining,570,UPI,
Sep 2025,2025-09-04,Tea & Snacks,Food & Dining,64.21,Cash,
Sep 2025,2025-09-05,BESCOM Electricity Bill,Bills & Utilities,910,Net Banking,
Sep 2025,2025-09-05,Laundry Service,Other,220,Cash,
Sep 2025,2025-09-06,SIP — Zerodha,Investment,2110,Net Banking,
Sep 2025,2025-09-06,Ola/Uber Ride,Transportation,220,UPI,
Sep 2025,2025-09-06,Auto Rickshaw,Transportation,100,Cash,
Sep 2025,2025-09-07,Broadband — ACT Fibernet,Bills & Utilities,630,UPI,
Sep 2025,2025-09-07,Ola/Uber Ride,Transportation,330,UPI,
Sep 2025,2025-09-07,Petrol — HPCL,Transportation,1410,UPI,
Sep 2025,2025-09-08,BWSSB Water Bill,Bills & Utilities,270,Net Banking,
Sep 2025,2025-09-08,Breakfast — Darshini,Food & Dining,150,Cash,
Sep 2025,2025-09-08,Auto Rickshaw,Transportation,140,Cash,
Sep 2025,2025-09-08,House Cleaning Service,Other,670,Cash,
Sep 2025,2025-09-09,Auto Rickshaw,Transportation,180,Cash,
Sep 2025,2025-09-09,GST Bill — Restaurant (Dine In),Food & Dining,2740,Credit Card,GST Bill
Sep 2025,2025-09-10,Piped Gas Bill,Bills & Utilities,390,UPI,
Sep 2025,2025-09-10,Spotify Premium,Entertainment,120,UPI,
Sep 2025,2025-09-11,LIC Premium,Investment,2810,Net Banking,
Sep 2025,2025-09-11,Metro Card Recharge,Transportation,260,UPI,
Sep 2025,2025-09-12,Netflix Subscription,Entertainment,470,Credit Card,
Sep 2025,2025-09-12,Swiggy Order,Food & Dining,570,UPI,
Sep 2025,2025-09-13,Zomato Order,Food & Dining,160,UPI,
Sep 2025,2025-09-13,D-Mart Grocery Shopping,Food & Dining,1820,Debit Card,
Sep 2025,2025-09-15,Tea & Snacks,Food & Dining,87.21,Cash,
Sep 2025,2025-09-16,Amazon Prime,Entertainment,300,Credit Card,
Sep 2025,2025-09-16,Metro Card Recharge,Transportation,320,UPI,
Sep 2025,2025-09-18,Mobile Recharge — Airtel,Bills & Utilities,310,UPI,
Sep 2025,2025-09-18,House Cleaning Service,Other,430,Cash,
Sep 2025,2025-09-19,Breakfast — Darshini,Food & Dining,83.07,Cash,
Sep 2025,2025-09-19,Petrol — HPCL,Transportation,1380,UPI,
Sep 2025,2025-09-20,Swiggy Order,Food & Dining,280,UPI,
Sep 2025,2025-09-21,YouTube Premium,Entertainment,140,UPI,
Sep 2025,2025-09-21,Ola/Uber Ride,Transportation,110,UPI,
Sep 2025,2025-09-21,Ola/Uber Ride,Transportation,140,UPI,
Sep 2025,2025-09-21,Auto Rickshaw,Transportation,140,Cash,
Sep 2025,2025-09-22,GST Receipt — Medical Equipment,Health,2300,Net Banking,GST Bill
Sep 2025,2025-09-23,Ola/Uber Ride,Transportation,430,UPI,
Sep 2025,2025-09-24,Zomato Order,Food & Dining,330,UPI,
Sep 2025,2025-09-25,Swiggy Order,Food & Dining,320,UPI,
Sep 2025,2025-09-27,Breakfast — Darshini,Food & Dining,140,Cash,
Sep 2025,2025-09-27,Grocery — BigBasket,Food & Dining,1880,UPI,
Sep 2025,2025-09-28,Tea & Snacks,Food & Dining,50.95,Cash,
Sep 2025,2025-09-28,GST Invoice — Software License,Education,4310,Net Banking,GST Bill
Sep 2025,2025-09-29,Breakfast — Darshini,Food & Dining,160,Cash,
Sep 2025,2025-09-30,Laundry Service,Other,310,Cash,
Oct 2025,2025-10-01,BMTC Bus Pass,Transportation,600,Cash,
Oct 2025,2025-10-02,House Rent,Bills & Utilities,8630,Net Banking,
Oct 2025,2025-10-02,Ola/Uber Ride,Transportation,400,UPI,
Oct 2025,2025-10-02,Petrol — HPCL,Transportation,1170,UPI,
Oct 2025,2025-10-03,Swiggy Order,Food & Dining,520,UPI,
Oct 2025,2025-10-03,Tea & Snacks,Food & Dining,60.43,Cash,
Oct 2025,2025-10-03,Tea & Snacks,Food & Dining,93.71,Cash,
Oct 2025,2025-10-03,Ola/Uber Ride,Transportation,270,UPI,
Oct 2025,2025-10-04,Society Maintenance,Bills & Utilities,1610,Net Banking,
Oct 2025,2025-10-04,Tea & Snacks,Food & Dining,52.31,Cash,
Oct 2025,2025-10-04,Grocery — BigBasket,Food & Dining,1720,UPI,
Oct 2025,2025-10-05,BESCOM Electricity Bill,Bills & Utilities,1680,Net Banking,
Oct 2025,2025-10-05,Broadband — ACT Fibernet,Bills & Utilities,980,UPI,
Oct 2025,2025-10-05,Gym Membership — Cult.fit,Health,1920,Credit Card,
Oct 2025,2025-10-05,SIP — Zerodha,Investment,1450,Net Banking,
Oct 2025,2025-10-05,Zomato Order,Food & Dining,420,UPI,
Oct 2025,2025-10-07,BWSSB Water Bill,Bills & Utilities,390,Net Banking,
Oct 2025,2025-10-07,College Fees,Education,7390,Net Banking,
Oct 2025,2025-10-08,Ola/Uber Ride,Transportation,100,UPI,
Oct 2025,2025-10-08,Laundry Service,Other,200,Cash,
Oct 2025,2025-10-09,Spotify Premium,Entertainment,120,UPI,
Oct 2025,2025-10-09,PPF Deposit,Investment,1820,Net Banking,
Oct 2025,2025-10-09,Zomato Order,Food & Dining,360,UPI,
Oct 2025,2025-10-10,Netflix Subscription,Entertainment,590,Credit Card,
Oct 2025,2025-10-11,Piped Gas Bill,Bills & Utilities,380,UPI,
Oct 2025,2025-10-12,D-Mart Grocery Shopping,Food & Dining,2170,Debit Card,
Oct 2025,2025-10-13,Metro Card Recharge,Transportation,420,UPI,
Oct 2025,2025-10-14,LIC Premium,Investment,1950,Net Banking,
Oct 2025,2025-10-14,Grocery — BigBasket,Food & Dining,1070,UPI,
Oct 2025,2025-10-14,House Cleaning Service,Other,390,Cash,
Oct 2025,2025-10-15,D-Mart Grocery Shopping,Food & Dining,3190,Debit Card,
Oct 2025,2025-10-15,House Cleaning Service,Other,420,Cash,
Oct 2025,2025-10-15,GST Invoice — Software License,Education,2140,Net Banking,GST Bill
Oct 2025,2025-10-16,Amazon Prime,Entertainment,300,Credit Card,
Oct 2025,2025-10-17,Mobile Recharge — Airtel,Bills & Utilities,590,UPI,
Oct 2025,2025-10-18,Auto Rickshaw,Transportation,58.52,Cash,
Oct 2025,2025-10-18,Laundry Service,Other,260,Cash,
Oct 2025,2025-10-19,Hotstar Subscription,Entertainment,470,Credit Card,
Oct 2025,2025-10-19,Tea & Snacks,Food & Dining,79.85,Cash,
Oct 2025,2025-10-19,Tea & Snacks,Food & Dining,49.82,Cash,
Oct 2025,2025-10-19,Auto Rickshaw,Transportation,110,Cash,
Oct 2025,2025-10-20,YouTube Premium,Entertainment,150,UPI,
Oct 2025,2025-10-20,Zomato Order,Food & Dining,310,UPI,
Oct 2025,2025-10-21,Petrol — HPCL,Transportation,600,UPI,
Oct 2025,2025-10-22,Breakfast — Darshini,Food & Dining,140,Cash,
Oct 2025,2025-10-22,Auto Rickshaw,Transportation,110,Cash,
Oct 2025,2025-10-23,Breakfast — Darshini,Food & Dining,97.41,Cash,
Oct 2025,2025-10-23,GST Receipt — Hotel Stay,Travel,7740,Credit Card,GST Bill
Oct 2025,2025-10-24,Breakfast — Darshini,Food & Dining,140,Cash,
Oct 2025,2025-10-25,Swiggy Order,Food & Dining,420,UPI,
Oct 2025,2025-10-26,Auto Rickshaw,Transportation,110,Cash,
Oct 2025,2025-10-26,Metro Card Recharge,Transportation,460,UPI,
Oct 2025,2025-10-27,Swiggy Order,Food & Dining,180,UPI,
Oct 2025,2025-10-29,Tea & Snacks,Food & Dining,76.58,Cash,
Oct 2025,2025-10-30,Breakfast — Darshini,Food & Dining,120,Cash,
Oct 2025,2025-10-30,Auto Rickshaw,Transportation,160,Cash,
Oct 2025,2025-10-30,GST Invoice — Office Supplies,Shopping,2070,Net Banking,GST Bill
Oct 2025,2025-10-31,Zomato Order,Food & Dining,370,UPI,
Nov 2025,2025-11-01,House Rent,Bills & Utilities,10320,Net Banking,
Nov 2025,2025-11-01,BMTC Bus Pass,Transportation,600,Cash,
Nov 2025,2025-11-01,Zomato Order,Food & Dining,330,UPI,
Nov 2025,2025-11-01,Grocery — BigBasket,Food & Dining,1270,UPI,
Nov 2025,2025-11-03,Zomato Order,Food & Dining,370,UPI,
Nov 2025,2025-11-03,Auto Rickshaw,Transportation,130,Cash,
Nov 2025,2025-11-04,Tea & Snacks,Food & Dining,110,Cash,
Nov 2025,2025-11-04,Ola/Uber Ride,Transportation,350,UPI,
Nov 2025,2025-11-04,Metro Card Recharge,Transportation,220,UPI,
Nov 2025,2025-11-05,BESCOM Electricity Bill,Bills & Utilities,1460,Net Banking,
Nov 2025,2025-11-05,Gym Membership — Cult.fit,Health,1250,Credit Card,
Nov 2025,2025-11-05,SIP — Zerodha,Investment,2680,Net Banking,
Nov 2025,2025-11-05,Swiggy Order,Food & Dining,490,UPI,
Nov 2025,2025-11-05,Breakfast — Darshini,Food & Dining,170,Cash,
Nov 2025,2025-11-05,Ola/Uber Ride,Transportation,180,UPI,
Nov 2025,2025-11-05,D-Mart Grocery Shopping,Food & Dining,2670,Debit Card,
Nov 2025,2025-11-05,Laundry Service,Other,290,Cash,
Nov 2025,2025-11-05,House Cleaning Service,Other,320,Cash,
Nov 2025,2025-11-06,Society Maintenance,Bills & Utilities,1580,Net Banking,
Nov 2025,2025-11-06,Breakfast — Darshini,Food & Dining,110,Cash,
Nov 2025,2025-11-07,BWSSB Water Bill,Bills & Utilities,240,Net Banking,
Nov 2025,2025-11-07,Broadband — ACT Fibernet,Bills & Utilities,620,UPI,
Nov 2025,2025-11-07,Auto Rickshaw,Transportation,140,Cash,
Nov 2025,2025-11-08,Swiggy Order,Food & Dining,280,UPI,
Nov 2025,2025-11-08,Breakfast — Darshini,Food & Dining,100,Cash,
Nov 2025,2025-11-09,Ola/Uber Ride,Transportation,120,UPI,
Nov 2025,2025-11-09,D-Mart Grocery Shopping,Food & Dining,1570,Debit Card,
Nov 2025,2025-11-09,GST Invoice — Software License,Education,1730,Net Banking,GST Bill
Nov 2025,2025-11-10,Spotify Premium,Entertainment,120,UPI,
Nov 2025,2025-11-10,Swiggy Order,Food & Dining,380,UPI,
Nov 2025,2025-11-10,Tea & Snacks,Food & Dining,110,Cash,
Nov 2025,2025-11-11,Piped Gas Bill,Bills & Utilities,420,UPI,
Nov 2025,2025-11-12,Netflix Subscription,Entertainment,270,Credit Card,
Nov 2025,2025-11-14,Amazon Prime,Entertainment,300,Credit Card,
Nov 2025,2025-11-14,LIC Premium,Investment,1290,Net Banking,
Nov 2025,2025-11-14,Petrol — HPCL,Transportation,1060,UPI,
Nov 2025,2025-11-15,Petrol — HPCL,Transportation,1050,UPI,
Nov 2025,2025-11-16,Auto Rickshaw,Transportation,75.16,Cash,
Nov 2025,2025-11-17,Mobile Recharge — Airtel,Bills & Utilities,320,UPI,
Nov 2025,2025-11-18,Breakfast — Darshini,Food & Dining,140,Cash,
Nov 2025,2025-11-18,House Cleaning Service,Other,370,Cash,
Nov 2025,2025-11-19,Zomato Order,Food & Dining,580,UPI,
Nov 2025,2025-11-20,YouTube Premium,Entertainment,170,UPI,
Nov 2025,2025-11-20,Ola/Uber Ride,Transportation,160,UPI,
Nov 2025,2025-11-22,Swiggy Order,Food & Dining,510,UPI,
Nov 2025,2025-11-22,Tea & Snacks,Food & Dining,100,Cash,
Nov 2025,2025-11-24,GST Receipt — Hotel Stay,Travel,6860,Credit Card,GST Bill
Nov 2025,2025-11-26,GST Invoice — Courier Service,Other,460,Net Banking,GST Bill
Nov 2025,2025-11-27,Grocery — BigBasket,Food & Dining,1190,UPI,
Nov 2025,2025-11-27,Laundry Service,Other,240,Cash,
Nov 2025,2025-11-28,Auto Rickshaw,Transportation,76.96,Cash,
Nov 2025,2025-11-29,Breakfast — Darshini,Food & Dining,68.25,Cash,
Nov 2025,2025-11-29,Metro Card Recharge,Transportation,410,UPI,
Nov 2025,2025-11-30,Swiggy Order,Food & Dining,280,UPI,
Nov 2025,2025-11-30,Auto Rickshaw,Transportation,160,Cash,
Dec 2025,2025-12-01,Swiggy Order,Food & Dining,410,UPI,
Dec 2025,2025-12-01,Tea & Snacks,Food & Dining,57.35,Cash,
Dec 2025,2025-12-02,House Rent,Bills & Utilities,9400,Net Banking,
Dec 2025,2025-12-02,BMTC Bus Pass,Transportation,600,Cash,
Dec 2025,2025-12-02,Swiggy Order,Food & Dining,500,UPI,
Dec 2025,2025-12-03,Gym Membership — Cult.fit,Health,1040,Credit Card,
Dec 2025,2025-12-03,D-Mart Grocery Shopping,Food & Dining,2250,Debit Card,
Dec 2025,2025-12-04,Swiggy Order,Food & Dining,340,UPI,
Dec 2025,2025-12-05,BESCOM Electricity Bill,Bills & Utilities,910,Net Banking,
Dec 2025,2025-12-05,Broadband — ACT Fibernet,Bills & Utilities,690,UPI,
Dec 2025,2025-12-05,Society Maintenance,Bills & Utilities,1890,Net Banking,
Dec 2025,2025-12-05,Breakfast — Darshini,Food & Dining,83.02,Cash,
Dec 2025,2025-12-05,Grocery — BigBasket,Food & Dining,830,UPI,
Dec 2025,2025-12-06,BWSSB Water Bill,Bills & Utilities,410,Net Banking,
Dec 2025,2025-12-06,Ola/Uber Ride,Transportation,320,UPI,
Dec 2025,2025-12-07,SIP — Zerodha,Investment,4150,Net Banking,
Dec 2025,2025-12-07,Tea & Snacks,Food & Dining,68.69,Cash,
Dec 2025,2025-12-07,Petrol — HPCL,Transportation,1220,UPI,
Dec 2025,2025-12-08,Auto Rickshaw,Transportation,130,Cash,
Dec 2025,2025-12-08,Auto Rickshaw,Transportation,150,Cash,
Dec 2025,2025-12-08,Grocery — BigBasket,Food & Dining,2180,UPI,
Dec 2025,2025-12-08,Metro Card Recharge,Transportation,240,UPI,
Dec 2025,2025-12-08,GST Invoice — Courier Service,Other,530,Net Banking,GST Bill
Dec 2025,2025-12-09,GST Invoice — Software License,Education,3730,Net Banking,GST Bill
Dec 2025,2025-12-10,Piped Gas Bill,Bills & Utilities,410,UPI,
Dec 2025,2025-12-10,Spotify Premium,Entertainment,120,UPI,
Dec 2025,2025-12-11,Netflix Subscription,Entertainment,360,Credit Card,
Dec 2025,2025-12-11,Zomato Order,Food & Dining,410,UPI,
Dec 2025,2025-12-12,Zomato Order,Food & Dining,320,UPI,
Dec 2025,2025-12-13,Tea & Snacks,Food & Dining,79.31,Cash,
Dec 2025,2025-12-13,Metro Card Recharge,Transportation,350,UPI,
Dec 2025,2025-12-14,LIC Premium,Investment,2200,Net Banking,
Dec 2025,2025-12-14,Breakfast — Darshini,Food & Dining,99.14,Cash,
Dec 2025,2025-12-14,House Cleaning Service,Other,410,Cash,
Dec 2025,2025-12-15,Ola/Uber Ride,Transportation,240,UPI,
Dec 2025,2025-12-15,GST Bill — Electronics Purchase,Shopping,3180,Credit Card,GST Bill
Dec 2025,2025-12-16,Mobile Recharge — Airtel,Bills & Utilities,420,UPI,
Dec 2025,2025-12-16,Amazon Prime,Entertainment,300,Credit Card,
Dec 2025,2025-12-16,Ola/Uber Ride,Transportation,370,UPI,
Dec 2025,2025-12-17,Breakfast — Darshini,Food & Dining,97.11,Cash,
Dec 2025,2025-12-17,Auto Rickshaw,Transportation,130,Cash,
Dec 2025,2025-12-19,Swiggy Order,Food & Dining,250,UPI,
Dec 2025,2025-12-20,YouTube Premium,Entertainment,140,UPI,
Dec 2025,2025-12-20,Swiggy Order,Food & Dining,640,UPI,
Dec 2025,2025-12-20,Tea & Snacks,Food & Dining,81.22,Cash,
Dec 2025,2025-12-20,Auto Rickshaw,Transportation,86.93,Cash,
Dec 2025,2025-12-20,D-Mart Grocery Shopping,Food & Dining,3150,Debit Card,
Dec 2025,2025-12-22,Zomato Order,Food & Dining,510,UPI,
Dec 2025,2025-12-22,Breakfast — Darshini,Food & Dining,170,Cash,
Dec 2025,2025-12-22,Ola/Uber Ride,Transportation,160,UPI,
Dec 2025,2025-12-23,Breakfast — Darshini,Food & Dining,95.48,Cash,
Dec 2025,2025-12-23,Laundry Service,Other,150,Cash,
Dec 2025,2025-12-25,Laundry Service,Other,370,Cash,
Dec 2025,2025-12-26,Swiggy Order,Food & Dining,420,UPI,
Dec 2025,2025-12-27,Auto Rickshaw,Transportation,170,Cash,
Dec 2025,2025-12-29,Petrol — HPCL,Transportation,1130,UPI,
Dec 2025,2025-12-29,House Cleaning Service,Other,350,Cash,
Dec 2025,2025-12-31,Zomato Order,Food & Dining,430,UPI,
Dec 2025,2025-12-31,Ola/Uber Ride,Transportation,370,UPI,
Jan 2026,2026-01-01,House Rent,Bills & Utilities,9090,Net Banking,
Jan 2026,2026-01-02,BMTC Bus Pass,Transportation,600,Cash,
Jan 2026,2026-01-03,Breakfast — Darshini,Food & Dining,140,Cash,
Jan 2026,2026-01-03,Tea & Snacks,Food & Dining,72.33,Cash,
Jan 2026,2026-01-04,Society Maintenance,Bills & Utilities,1510,Net Banking,
Jan 2026,2026-01-04,GST Invoice — Office Supplies,Shopping,1520,Net Banking,GST Bill
Jan 2026,2026-01-05,BESCOM Electricity Bill,Bills & Utilities,1280,Net Banking,
Jan 2026,2026-01-05,Gym Membership — Cult.fit,Health,1950,Credit Card,
Jan 2026,2026-01-05,Zomato Order,Food & Dining,570,UPI,
Jan 2026,2026-01-05,Breakfast — Darshini,Food & Dining,160,Cash,
Jan 2026,2026-01-05,Auto Rickshaw,Transportation,73.4,Cash,
Jan 2026,2026-01-06,BWSSB Water Bill,Bills & Utilities,270,Net Banking,
Jan 2026,2026-01-06,Broadband — ACT Fibernet,Bills & Utilities,960,UPI,
Jan 2026,2026-01-06,Breakfast — Darshini,Food & Dining,66.03,Cash,
Jan 2026,2026-01-07,SIP — Zerodha,Investment,2520,Net Banking,
Jan 2026,2026-01-07,College Fees,Education,12530,Net Banking,
Jan 2026,2026-01-08,Spotify Premium,Entertainment,120,UPI,
Jan 2026,2026-01-10,Piped Gas Bill,Bills & Utilities,560,UPI,
Jan 2026,2026-01-10,Netflix Subscription,Entertainment,520,Credit Card,
Jan 2026,2026-01-10,LIC Premium,Investment,3170,Net Banking,
Jan 2026,2026-01-10,Laundry Service,Other,290,Cash,
Jan 2026,2026-01-11,PPF Deposit,Investment,1310,Net Banking,
Jan 2026,2026-01-11,Tea & Snacks,Food & Dining,49.05,Cash,
Jan 2026,2026-01-11,Tea & Snacks,Food & Dining,60.38,Cash,
Jan 2026,2026-01-12,GST Invoice — Software License,Education,3300,Net Banking,GST Bill
Jan 2026,2026-01-13,Swiggy Order,Food & Dining,320,UPI,
Jan 2026,2026-01-13,Zomato Order,Food & Dining,390,UPI,
Jan 2026,2026-01-13,House Cleaning Service,Other,770,Cash,
Jan 2026,2026-01-14,Swiggy Order,Food & Dining,390,UPI,
Jan 2026,2026-01-14,Tea & Snacks,Food & Dining,52.7,Cash,
Jan 2026,2026-01-15,Mobile Recharge — Airtel,Bills & Utilities,340,UPI,
Jan 2026,2026-01-15,Amazon Prime,Entertainment,300,Credit Card,
Jan 2026,2026-01-15,D-Mart Grocery Shopping,Food & Dining,2810,Debit Card,
Jan 2026,2026-01-16,Swiggy Order,Food & Dining,260,UPI,
Jan 2026,2026-01-16,Grocery — BigBasket,Food & Dining,1740,UPI,
Jan 2026,2026-01-18,Hotstar Subscription,Entertainment,490,Credit Card,
Jan 2026,2026-01-18,Zomato Order,Food & Dining,130,UPI,
Jan 2026,2026-01-19,Grocery — BigBasket,Food & Dining,2130,UPI,
Jan 2026,2026-01-19,Laundry Service,Other,160,Cash,
Jan 2026,2026-01-20,Petrol — HPCL,Transportation,1110,UPI,
Jan 2026,2026-01-21,YouTube Premium,Entertainment,130,UPI,
Jan 2026,2026-01-21,Ola/Uber Ride,Transportation,110,UPI,
Jan 2026,2026-01-22,Swiggy Order,Food & Dining,550,UPI,
Jan 2026,2026-01-24,Petrol — HPCL,Transportation,1220,UPI,
Jan 2026,2026-01-25,Tea & Snacks,Food & Dining,120,Cash,
Jan 2026,2026-01-25,D-Mart Grocery Shopping,Food & Dining,2050,Debit Card,
Jan 2026,2026-01-25,Metro Card Recharge,Transportation,450,UPI,
Jan 2026,2026-01-27,Zomato Order,Food & Dining,330,UPI,
Jan 2026,2026-01-27,Auto Rickshaw,Transportation,42.85,Cash,
Jan 2026,2026-01-27,GST Invoice — Courier Service,Other,370,Net Banking,GST Bill
Jan 2026,2026-01-29,Tea & Snacks,Food & Dining,64.12,Cash,
Jan 2026,2026-01-30,House Cleaning Service,Other,780,Cash,
Jan 2026,2026-01-31,Ola/Uber Ride,Transportation,210,UPI,
Jan 2026,2026-01-31,Ola/Uber Ride,Transportation,320,UPI,
Jan 2026,2026-01-31,Auto Rickshaw,Transportation,74.62,Cash,
Jan 2026,2026-01-31,Metro Card Recharge,Transportation,290,UPI,
Feb 2026,2026-02-01,Grocery — BigBasket,Food & Dining,1600,UPI,
Feb 2026,2026-02-01,GST Invoice — Office Supplies,Shopping,1480,Net Banking,GST Bill
Feb 2026,2026-02-02,House Rent,Bills & Utilities,9860,Net Banking,
Feb 2026,2026-02-02,BMTC Bus Pass,Transportation,600,Cash,
Feb 2026,2026-02-02,Gym Membership — Cult.fit,Health,1350,Credit Card,
Feb 2026,2026-02-02,Auto Rickshaw,Transportation,120,Cash,
Feb 2026,2026-02-02,Petrol — HPCL,Transportation,750,UPI,
Feb 2026,2026-02-03,BESCOM Electricity Bill,Bills & Utilities,1240,Net Banking,
Feb 2026,2026-02-03,Zomato Order,Food & Dining,260,UPI,
Feb 2026,2026-02-03,House Cleaning Service,Other,800,Cash,
Feb 2026,2026-02-04,Society Maintenance,Bills & Utilities,1420,Net Banking,
Feb 2026,2026-02-05,Laundry Service,Other,190,Cash,
Feb 2026,2026-02-06,GST Receipt — Hotel Stay,Travel,3440,Credit Card,GST Bill
Feb 2026,2026-02-07,Broadband — ACT Fibernet,Bills & Utilities,840,UPI,
Feb 2026,2026-02-07,SIP — Zerodha,Investment,3800,Net Banking,
Feb 2026,2026-02-07,Swiggy Order,Food & Dining,190,UPI,
Feb 2026,2026-02-07,Breakfast — Darshini,Food & Dining,97.87,Cash,
Feb 2026,2026-02-07,Tea & Snacks,Food & Dining,49.47,Cash,
Feb 2026,2026-02-08,BWSSB Water Bill,Bills & Utilities,330,Net Banking,
Feb 2026,2026-02-08,Breakfast — Darshini,Food & Dining,74.48,Cash,
Feb 2026,2026-02-08,Ola/Uber Ride,Transportation,210,UPI,
Feb 2026,2026-02-09,Spotify Premium,Entertainment,120,UPI,
Feb 2026,2026-02-09,Breakfast — Darshini,Food & Dining,96.79,Cash,
Feb 2026,2026-02-09,Auto Rickshaw,Transportation,46.37,Cash,
Feb 2026,2026-02-10,Zomato Order,Food & Dining,430,UPI,
Feb 2026,2026-02-10,Ola/Uber Ride,Transportation,85.23,UPI,
Feb 2026,2026-02-11,Netflix Subscription,Entertainment,310,Credit Card,
Feb 2026,2026-02-11,D-Mart Grocery Shopping,Food & Dining,1620,Debit Card,
Feb 2026,2026-02-12,Piped Gas Bill,Bills & Utilities,430,UPI,
Feb 2026,2026-02-12,LIC Premium,Investment,1980,Net Banking,
Feb 2026,2026-02-12,Zomato Order,Food & Dining,340,UPI,
Feb 2026,2026-02-12,Breakfast — Darshini,Food & Dining,140,Cash,
Feb 2026,2026-02-13,Zomato Order,Food & Dining,440,UPI,
Feb 2026,2026-02-15,Zomato Order,Food & Dining,480,UPI,
Feb 2026,2026-02-16,Amazon Prime,Entertainment,300,Credit Card,
Feb 2026,2026-02-16,Tea & Snacks,Food & Dining,54.88,Cash,
Feb 2026,2026-02-16,Grocery — BigBasket,Food & Dining,940,UPI,
Feb 2026,2026-02-16,D-Mart Grocery Shopping,Food & Dining,2300,Debit Card,
Feb 2026,2026-02-16,Metro Card Recharge,Transportation,220,UPI,
Feb 2026,2026-02-17,Mobile Recharge — Airtel,Bills & Utilities,550,UPI,
Feb 2026,2026-02-17,Zomato Order,Food & Dining,280,UPI,
Feb 2026,2026-02-17,Tea & Snacks,Food & Dining,83.71,Cash,
Feb 2026,2026-02-18,Swiggy Order,Food & Dining,160,UPI,
Feb 2026,2026-02-18,Swiggy Order,Food & Dining,530,UPI,
Feb 2026,2026-02-18,GST Invoice — Courier Service,Other,210,Net Banking,GST Bill
Feb 2026,2026-02-19,Tea & Snacks,Food & Dining,120,Cash,
Feb 2026,2026-02-19,House Cleaning Service,Other,770,Cash,
Feb 2026,2026-02-20,YouTube Premium,Entertainment,160,UPI,
Feb 2026,2026-02-21,Auto Rickshaw,Transportation,160,Cash,
Feb 2026,2026-02-21,Laundry Service,Other,320,Cash,
Feb 2026,2026-02-23,Swiggy Order,Food & Dining,390,UPI,
Feb 2026,2026-02-23,Auto Rickshaw,Transportation,170,Cash,
Feb 2026,2026-02-24,Swiggy Order,Food & Dining,350,UPI,
Feb 2026,2026-02-24,Breakfast — Darshini,Food & Dining,120,Cash,
Feb 2026,2026-02-27,Ola/Uber Ride,Transportation,150,UPI,
Feb 2026,2026-02-27,Metro Card Recharge,Transportation,220,UPI,
Feb 2026,2026-02-28,Petrol — HPCL,Transportation,980,UPI,
Mar 2026,2026-03-02,House Rent,Bills & Utilities,8280,Net Banking,
Mar 2026,2026-03-02,Swiggy Order,Food & Dining,590,UPI,
Mar 2026,2026-03-02,Ola/Uber Ride,Transportation,250,UPI,
Mar 2026,2026-03-03,BMTC Bus Pass,Transportation,600,Cash,
Mar 2026,2026-03-03,Breakfast — Darshini,Food & Dining,120,Cash,
Mar 2026,2026-03-04,Gym Membership — Cult.fit,Health,1120,Credit Card,
Mar 2026,2026-03-04,Ola/Uber Ride,Transportation,440,UPI,
Mar 2026,2026-03-05,BESCOM Electricity Bill,Bills & Utilities,1390,Net Banking,
Mar 2026,2026-03-05,Broadband — ACT Fibernet,Bills & Utilities,970,UPI,
Mar 2026,2026-03-05,Auto Rickshaw,Transportation,170,Cash,
Mar 2026,2026-03-06,Society Maintenance,Bills & Utilities,1380,Net Banking,
Mar 2026,2026-03-06,SIP — Zerodha,Investment,4770,Net Banking,
Mar 2026,2026-03-07,BWSSB Water Bill,Bills & Utilities,210,Net Banking,
Mar 2026,2026-03-07,Auto Rickshaw,Transportation,77.39,Cash,
Mar 2026,2026-03-08,Spotify Premium,Entertainment,120,UPI,
Mar 2026,2026-03-08,Swiggy Order,Food & Dining,630,UPI,
Mar 2026,2026-03-08,D-Mart Grocery Shopping,Food & Dining,2830,Debit Card,
Mar 2026,2026-03-08,Metro Card Recharge,Transportation,500,UPI,
Mar 2026,2026-03-09,Swiggy Order,Food & Dining,160,UPI,
Mar 2026,2026-03-09,Zomato Order,Food & Dining,390,UPI,
Mar 2026,2026-03-10,Netflix Subscription,Entertainment,610,Credit Card,
Mar 2026,2026-03-10,Tea & Snacks,Food & Dining,89.63,Cash,
Mar 2026,2026-03-10,Petrol — HPCL,Transportation,1050,UPI,
Mar 2026,2026-03-11,Piped Gas Bill,Bills & Utilities,560,UPI,
Mar 2026,2026-03-11,Ola/Uber Ride,Transportation,170,UPI,
Mar 2026,2026-03-13,Ola/Uber Ride,Transportation,400,UPI,
Mar 2026,2026-03-14,Amazon Prime,Entertainment,300,Credit Card,
Mar 2026,2026-03-14,Breakfast — Darshini,Food & Dining,100.0,Cash,
Mar 2026,2026-03-14,Tea & Snacks,Food & Dining,92.43,Cash,
Mar 2026,2026-03-14,Auto Rickshaw,Transportation,47.59,Cash,
Mar 2026,2026-03-15,LIC Premium,Investment,1900,Net Banking,
Mar 2026,2026-03-15,Swiggy Order,Food & Dining,190,UPI,
Mar 2026,2026-03-15,Auto Rickshaw,Transportation,150,Cash,
Mar 2026,2026-03-15,Grocery — BigBasket,Food & Dining,2030,UPI,
Mar 2026,2026-03-16,Mobile Recharge — Airtel,Bills & Utilities,430,UPI,
Mar 2026,2026-03-16,Grocery — BigBasket,Food & Dining,970,UPI,
Mar 2026,2026-03-17,Breakfast — Darshini,Food & Dining,140,Cash,
Mar 2026,2026-03-17,Auto Rickshaw,Transportation,90.65,Cash,
Mar 2026,2026-03-17,House Cleaning Service,Other,650,Cash,
Mar 2026,2026-03-18,Petrol — HPCL,Transportation,910,UPI,
Mar 2026,2026-03-19,Breakfast — Darshini,Food & Dining,110,Cash,
Mar 2026,2026-03-19,GST Invoice — Office Supplies,Shopping,1750,Net Banking,GST Bill
Mar 2026,2026-03-21,D-Mart Grocery Shopping,Food & Dining,2600,Debit Card,
Mar 2026,2026-03-22,YouTube Premium,Entertainment,170,UPI,
Mar 2026,2026-03-22,GST Receipt — Hotel Stay,Travel,4940,Credit Card,GST Bill
Mar 2026,2026-03-24,Swiggy Order,Food & Dining,310,UPI,
Mar 2026,2026-03-24,GST Receipt — Medical Equipment,Health,1250,Net Banking,GST Bill
Mar 2026,2026-03-25,Zomato Order,Food & Dining,430,UPI,
Mar 2026,2026-03-25,Zomato Order,Food & Dining,470,UPI,
Mar 2026,2026-03-25,Auto Rickshaw,Transportation,110,Cash,
Mar 2026,2026-03-27,Swiggy Order,Food & Dining,580,UPI,
Mar 2026,2026-03-27,Breakfast — Darshini,Food & Dining,120,Cash,
Mar 2026,2026-03-27,Ola/Uber Ride,Transportation,360,UPI,
Mar 2026,2026-03-27,Ola/Uber Ride,Transportation,450,UPI,
Mar 2026,2026-03-27,Laundry Service,Other,190,Cash,
Mar 2026,2026-03-28,Tea & Snacks,Food & Dining,44.47,Cash,
Mar 2026,2026-03-30,Breakfast — Darshini,Food & Dining,93.38,Cash,
Mar 2026,2026-03-30,Metro Card Recharge,Transportation,230,UPI,
Mar 2026,2026-03-30,House Cleaning Service,Other,660,Cash,
Mar 2026,2026-03-31,Laundry Service,Other,180,Cash,
Apr 2026,2026-04-02,House Rent,Bills & Utilities,9820,Net Banking,
Apr 2026,2026-04-02,Tea & Snacks,Food & Dining,59.19,Cash,
Apr 2026,2026-04-02,Tea & Snacks,Food & Dining,56.4,Cash,
Apr 2026,2026-04-02,GST Invoice — Office Supplies,Shopping,1750,Net Banking,GST Bill
Apr 2026,2026-04-03,BESCOM Electricity Bill,Bills & Utilities,1250,Net Banking,
Apr 2026,2026-04-03,BMTC Bus Pass,Transportation,600,Cash,
Apr 2026,2026-04-04,Society Maintenance,Bills & Utilities,1880,Net Banking,
Apr 2026,2026-04-04,Gym Membership — Cult.fit,Health,1960,Credit Card,
Apr 2026,2026-04-04,Tea & Snacks,Food & Dining,98.43,Cash,
Apr 2026,2026-04-05,Swiggy Order,Food & Dining,190,UPI,
Apr 2026,2026-04-05,Auto Rickshaw,Transportation,72.51,Cash,
Apr 2026,2026-04-06,Broadband — ACT Fibernet,Bills & Utilities,950,UPI,
Apr 2026,2026-04-06,Ola/Uber Ride,Transportation,140,UPI,
Apr 2026,2026-04-07,BWSSB Water Bill,Bills & Utilities,290,Net Banking,
Apr 2026,2026-04-07,SIP — Zerodha,Investment,2330,Net Banking,
Apr 2026,2026-04-07,Metro Card Recharge,Transportation,500,UPI,
Apr 2026,2026-04-08,College Fees,Education,6000,Net Banking,
Apr 2026,2026-04-08,Breakfast — Darshini,Food & Dining,140,Cash,
Apr 2026,2026-04-08,Breakfast — Darshini,Food & Dining,150,Cash,
Apr 2026,2026-04-08,Laundry Service,Other,250,Cash,
Apr 2026,2026-04-09,Auto Rickshaw,Transportation,130,Cash,
Apr 2026,2026-04-10,Spotify Premium,Entertainment,120,UPI,
Apr 2026,2026-04-10,Tea & Snacks,Food & Dining,110,Cash,
Apr 2026,2026-04-10,GST Invoice — Courier Service,Other,510,Net Banking,GST Bill
Apr 2026,2026-04-11,Netflix Subscription,Entertainment,220,Credit Card,
Apr 2026,2026-04-11,LIC Premium,Investment,2360,Net Banking,
Apr 2026,2026-04-11,PPF Deposit,Investment,520,Net Banking,
Apr 2026,2026-04-11,Swiggy Order,Food & Dining,460,UPI,
Apr 2026,2026-04-11,Zomato Order,Food & Dining,510,UPI,
Apr 2026,2026-04-11,Zomato Order,Food & Dining,410,UPI,
Apr 2026,2026-04-12,Piped Gas Bill,Bills & Utilities,580,UPI,
Apr 2026,2026-04-12,House Cleaning Service,Other,590,Cash,
Apr 2026,2026-04-14,Swiggy Order,Food & Dining,590,UPI,
Apr 2026,2026-04-14,Ola/Uber Ride,Transportation,130,UPI,
Apr 2026,2026-04-14,Petrol — HPCL,Transportation,1190,UPI,
Apr 2026,2026-04-15,Amazon Prime,Entertainment,300,Credit Card,
Apr 2026,2026-04-15,Tea & Snacks,Food & Dining,44.97,Cash,
Apr 2026,2026-04-15,D-Mart Grocery Shopping,Food & Dining,3370,Debit Card,
Apr 2026,2026-04-15,Metro Card Recharge,Transportation,450,UPI,
Apr 2026,2026-04-16,Mobile Recharge — Airtel,Bills & Utilities,470,UPI,
Apr 2026,2026-04-16,Auto Rickshaw,Transportation,170,Cash,
Apr 2026,2026-04-17,Ola/Uber Ride,Transportation,230,UPI,
Apr 2026,2026-04-18,Hotstar Subscription,Entertainment,470,Credit Card,
Apr 2026,2026-04-18,D-Mart Grocery Shopping,Food & Dining,1560,Debit Card,
Apr 2026,2026-04-19,Petrol — HPCL,Transportation,800,UPI,
Apr 2026,2026-04-20,Ola/Uber Ride,Transportation,400,UPI,
Apr 2026,2026-04-21,Zomato Order,Food & Dining,160,UPI,
Apr 2026,2026-04-21,Auto Rickshaw,Transportation,75.56,Cash,
Apr 2026,2026-04-22,YouTube Premium,Entertainment,180,UPI,
Apr 2026,2026-04-22,Ola/Uber Ride,Transportation,370,UPI,
Apr 2026,2026-04-23,Tea & Snacks,Food & Dining,110,Cash,
Apr 2026,2026-04-23,House Cleaning Service,Other,450,Cash,
Apr 2026,2026-04-24,GST Receipt — Medical Equipment,Health,830,Net Banking,GST Bill
Apr 2026,2026-04-26,Swiggy Order,Food & Dining,630,UPI,
Apr 2026,2026-04-28,Zomato Order,Food & Dining,370,UPI,
Apr 2026,2026-04-28,Zomato Order,Food & Dining,370,UPI,
Apr 2026,2026-04-28,Laundry Service,Other,270,Cash,
Apr 2026,2026-04-29,Zomato Order,Food & Dining,470,UPI,
Apr 2026,2026-04-29,Grocery — BigBasket,Food & Dining,1930,UPI,
Apr 2026,2026-04-29,Grocery — BigBasket,Food & Dining,1200,UPI,
Apr 2026,2026-04-30,Breakfast — Darshini,Food & Dining,94.49,Cash,
May 2026,2026-05-01,BMTC Bus Pass,Transportation,600,Cash,
May 2026,2026-05-02,House Rent,Bills & Utilities,10120,Net Banking,
May 2026,2026-05-02,Zomato Order,Food & Dining,260,UPI,
May 2026,2026-05-02,Auto Rickshaw,Transportation,95.74,Cash,
May 2026,2026-05-02,Grocery — BigBasket,Food & Dining,1900,UPI,
May 2026,2026-05-03,Petrol — HPCL,Transportation,1330,UPI,
May 2026,2026-05-04,BESCOM Electricity Bill,Bills & Utilities,1130,Net Banking,
May 2026,2026-05-04,Gym Membership — Cult.fit,Health,1970,Credit Card,
May 2026,2026-05-04,Swiggy Order,Food & Dining,490,UPI,
May 2026,2026-05-04,Tea & Snacks,Food & Dining,110,Cash,
May 2026,2026-05-05,Society Maintenance,Bills & Utilities,1970,Net Banking,
May 2026,2026-05-05,Zomato Order,Food & Dining,140,UPI,
May 2026,2026-05-05,Laundry Service,Other,350,Cash,
May 2026,2026-05-05,House Cleaning Service,Other,570,Cash,
May 2026,2026-05-06,Broadband — ACT Fibernet,Bills & Utilities,930,UPI,
May 2026,2026-05-06,SIP — Zerodha,Investment,1060,Net Banking,
May 2026,2026-05-07,BWSSB Water Bill,Bills & Utilities,240,Net Banking,
May 2026,2026-05-07,College Fees,Education,11730,Net Banking,
May 2026,2026-05-07,Ola/Uber Ride,Transportation,240,UPI,
May 2026,2026-05-07,Auto Rickshaw,Transportation,180,Cash,
May 2026,2026-05-07,Auto Rickshaw,Transportation,130,Cash,
May 2026,2026-05-07,Metro Card Recharge,Transportation,440,UPI,
May 2026,2026-05-08,Swiggy Order,Food & Dining,470,UPI,
May 2026,2026-05-08,Zomato Order,Food & Dining,530,UPI,
May 2026,2026-05-08,D-Mart Grocery Shopping,Food & Dining,3470,Debit Card,
May 2026,2026-05-08,Metro Card Recharge,Transportation,300,UPI,
May 2026,2026-05-09,Spotify Premium,Entertainment,120,UPI,
May 2026,2026-05-10,Piped Gas Bill,Bills & Utilities,590,UPI,
May 2026,2026-05-10,PPF Deposit,Investment,1380,Net Banking,
May 2026,2026-05-11,Netflix Subscription,Entertainment,530,Credit Card,
May 2026,2026-05-11,Swiggy Order,Food & Dining,610,UPI,
May 2026,2026-05-12,Ola/Uber Ride,Transportation,120,UPI,
May 2026,2026-05-13,Breakfast — Darshini,Food & Dining,110,Cash,
May 2026,2026-05-14,LIC Premium,Investment,2040,Net Banking,
May 2026,2026-05-14,Breakfast — Darshini,Food & Dining,130,Cash,
May 2026,2026-05-15,Amazon Prime,Entertainment,300,Credit Card,
May 2026,2026-05-15,Auto Rickshaw,Transportation,52.83,Cash,
May 2026,2026-05-15,GST Invoice — Courier Service,Other,510,Net Banking,GST Bill
May 2026,2026-05-15,GST Invoice — Software License,Education,2860,Net Banking,GST Bill
May 2026,2026-05-16,Swiggy Order,Food & Dining,160,UPI,
May 2026,2026-05-16,Zomato Order,Food & Dining,170,UPI,
May 2026,2026-05-17,Mobile Recharge — Airtel,Bills & Utilities,570,UPI,
May 2026,2026-05-17,GST Invoice — Office Supplies,Shopping,1770,Net Banking,GST Bill
May 2026,2026-05-18,Petrol — HPCL,Transportation,710,UPI,
May 2026,2026-05-20,YouTube Premium,Entertainment,170,UPI,
May 2026,2026-05-20,Hotstar Subscription,Entertainment,320,Credit Card,
May 2026,2026-05-20,Tea & Snacks,Food & Dining,66.73,Cash,
May 2026,2026-05-20,Grocery — BigBasket,Food & Dining,2160,UPI,
May 2026,2026-05-20,Laundry Service,Other,150,Cash,
May 2026,2026-05-21,Zomato Order,Food & Dining,310,UPI,
May 2026,2026-05-22,Breakfast — Darshini,Food & Dining,170,Cash,
May 2026,2026-05-22,Ola/Uber Ride,Transportation,220,UPI,
May 2026,2026-05-23,Breakfast — Darshini,Food & Dining,170,Cash,
May 2026,2026-05-26,D-Mart Grocery Shopping,Food & Dining,2500,Debit Card,
May 2026,2026-05-28,House Cleaning Service,Other,790,Cash,
May 2026,2026-05-29,Swiggy Order,Food & Dining,620,UPI,
May 2026,2026-05-29,Tea & Snacks,Food & Dining,67.34,Cash,
May 2026,2026-05-29,Ola/Uber Ride,Transportation,440,UPI,
May 2026,2026-05-30,Zomato Order,Food & Dining,440,UPI,
May 2026,2026-05-31,Tea & Snacks,Food & Dining,55.18,Cash,
May 2026,2026-05-31,Ola/Uber Ride,Transportation,170,UPI,
May 2026,2026-05-31,Auto Rickshaw,Transportation,160,Cash,
